STATION,NAME,DATE,PRCP,SNOW,SNWD,TAVG,TMAX,TMIN,TOBS
USC00042319,"DEATH VALLEY NATIONAL PARK, CA US",1/1/2021,0,0,0,,71,51,56
USC00042319,"DEATH VALLEY NATIONAL PARK, CA US",1/2/2021,0,0,0,,67,42,51
USC00042319,"DEATH VALLEY NATIONAL PARK, CA US",1/3/2021,0,0,0,,66,41,49
USC00042319,"DEATH VALLEY NATIONAL PARK, CA US",1/4/2021,0,0,0,,66,41,48
USC00042319,"DEATH VALLEY NATIONAL PARK, CA US",1/5/2021,0,0,0,,70,40,52
USC00042319,"DEATH VALLEY NATIONAL PARK, CA US",1/6/2021,0,0,0,,69,40,50
USC00042319,"DEATH VALLEY NATIONAL PARK, CA US",1/7/2021,0,0,0,,60,38,44
USC00042319,"DEATH VALLEY NATIONAL PARK, CA US",1/8/2021,0,0,0,,65,33,44
USC00042319,"DEATH VALLEY NATIONAL PARK, CA US",1/9/2021,0,0,0,,71,41,56
USC00042319,"DEATH VALLEY NATIONAL PARK, CA US",1/10/2021,0,0,0,,70,49,51
USC00042319,"DEATH VALLEY NATIONAL PARK, CA US",1/11/2021,0,0,0,,67,37,45
USC00042319,"DEATH VALLEY NATIONAL PARK, CA US",1/12/2021,0,0,0,,61,37,48
USC00042319,"DEATH VALLEY NATIONAL PARK, CA US",1/13/2021,0,0,0,,66,37,47
USC00042319,"DEATH VALLEY NATIONAL PARK, CA US",1/14/2021,0,0,0,,71,39,48
USC00042319,"DEATH VALLEY NATIONAL PARK, CA US",1/15/2021,0,0,0,,76,40,53
USC00042319,"DEATH VALLEY NATIONAL PARK, CA US",1/16/2021,0,0,0,,90,42,60
USC00042319,"DEATH VALLEY NATIONAL PARK, CA US",1/17/2021,0,0,0,,80,51,54
USC00042319,"DEATH VALLEY NATIONAL PARK, CA US",1/18/2021,0,0,0,,83,48,63
USC00042319,"DEATH VALLEY NATIONAL PARK, CA US",1/19/2021,0,0,0,,69,55,65
USC00042319,"DEATH VALLEY NATIONAL PARK, CA US",1/20/2021,0,0,0,,75,53,58
USC00042319,"DEATH VALLEY NATIONAL PARK, CA US",1/21/2021,0,0,0,,75,44,55
USC00042319,"DEATH VALLEY NATIONAL PARK, CA US",1/22/2021,0,0,0,,75,46,56
USC00042319,"DEATH VALLEY NATIONAL PARK, CA US",1/23/2021,0,0,0,,69,48,49
USC00042319,"DEATH VALLEY NATIONAL PARK, CA US",1/24/2021,0,0,0,,67,46,55
USC00042319,"DEATH VALLEY NATIONAL PARK, CA US",1/25/2021,0.19,0,0,,57,44,44
USC00042319,"DEATH VALLEY NATIONAL PARK, CA US",1/26/2021,0,0,0,,60,40,52
USC00042319,"DEATH VALLEY NATIONAL PARK, CA US",1/27/2021,0,0,0,,60,46,48
USC00042319,"DEATH VALLEY NATIONAL PARK, CA US",1/28/2021,0,0,0,,71,44,66
USC00042319,"DEATH VALLEY NATIONAL PARK, CA US",1/29/2021,0,0,0,,71,51,54
USC00042319,"DEATH VALLEY NATIONAL PARK, CA US",1/30/2021,0,0,0,,68,41,52
USC00042319,"DEATH VALLEY NATIONAL PARK, CA US",1/31/2021,0,0,0,,68,40,55
USC00042319,"DEATH VALLEY NATIONAL PARK, CA US",2/1/2021,0,0,0,,73,51,52
USC00042319,"DEATH VALLEY NATIONAL PARK, CA US",2/2/2021,0,0,0,,74,43,55
USC00042319,"DEATH VALLEY NATIONAL PARK, CA US",2/3/2021,0,0,0,,76,44,61
USC00042319,"DEATH VALLEY NATIONAL PARK, CA US",2/4/2021,0,0,0,,72,56,61
USC00042319,"DEATH VALLEY NATIONAL PARK, CA US",2/5/2021,0,0,0,,76,51,64
USC00042319,"DEATH VALLEY NATIONAL PARK, CA US",2/6/2021,0,0,0,,80,56,57
USC00042319,"DEATH VALLEY NATIONAL PARK, CA US",2/7/2021,0,0,0,,78,43,56
USC00042319,"DEATH VALLEY NATIONAL PARK, CA US",2/8/2021,0,0,0,,74,42,59
USC00042319,"DEATH VALLEY NATIONAL PARK, CA US",2/9/2021,0,0,0,,73,50,58
USC00042319,"DEATH VALLEY NATIONAL PARK, CA US",2/10/2021,0,0,0,,81,49,58
USC00042319,"DEATH VALLEY NATIONAL PARK, CA US",2/11/2021,0,0,0,,74,48,57
USC00042319,"DEATH VALLEY NATIONAL PARK, CA US",2/12/2021,0,0,0,,83,49,65
USC00042319,"DEATH VALLEY NATIONAL PARK, CA US",2/13/2021,0,0,0,,78,58,62
USC00042319,"DEATH VALLEY NATIONAL PARK, CA US",2/14/2021,0,0,0,,74,55,55
USC00042319,"DEATH VALLEY NATIONAL PARK, CA US",2/15/2021,0,0,0,,75,46,52
USC00042319,"DEATH VALLEY NATIONAL PARK, CA US",2/16/2021,0,0,0,,78,48,64
USC00042319,"DEATH VALLEY NATIONAL PARK, CA US",2/17/2021,0,0,0,,71,54,60
USC00042319,"DEATH VALLEY NATIONAL PARK, CA US",2/18/2021,0,0,0,,70,48,56
USC00042319,"DEATH VALLEY NATIONAL PARK, CA US",2/19/2021,0,0,0,,74,42,55
USC00042319,"DEATH VALLEY NATIONAL PARK, CA US",2/20/2021,0,0,0,,76,41,62
USC00042319,"DEATH VALLEY NATIONAL PARK, CA US",2/21/2021,0,0,0,,76,55,55
USC00042319,"DEATH VALLEY NATIONAL PARK, CA US",2/22/2021,0,0,0,,81,51,
USC00042319,"DEATH VALLEY NATIONAL PARK, CA US",2/23/2021,0,0,0,,84,47,64
USC00042319,"DEATH VALLEY NATIONAL PARK, CA US",2/24/2021,0,0,0,,84,57,
USC00042319,"DEATH VALLEY NATIONAL PARK, CA US",2/25/2021,0,0,0,,73,51,52
USC00042319,"DEATH VALLEY NATIONAL PARK, CA US",2/26/2021,0,0,0,,75,38,62
USC00042319,"DEATH VALLEY NATIONAL PARK, CA US",2/27/2021,0,0,0,,74,57,58
USC00042319,"DEATH VALLEY NATIONAL PARK, CA US",2/28/2021,0,0,0,,71,49,52
USC00042319,"DEATH VALLEY NATIONAL PARK, CA US",3/1/2021,0,0,0,,73,40,54
USC00042319,"DEATH VALLEY NATIONAL PARK, CA US",3/2/2021,0,0,0,,79,43,60
USC00042319,"DEATH VALLEY NATIONAL PARK, CA US",3/3/2021,0,0,0,,74,43,62
USC00042319,"DEATH VALLEY NATIONAL PARK, CA US",3/4/2021,0,0,0,,78,50,61
USC00042319,"DEATH VALLEY NATIONAL PARK, CA US",3/5/2021,0,0,0,,84,48,61
USC00042319,"DEATH VALLEY NATIONAL PARK, CA US",3/6/2021,0,0,0,,85,49,67
USC00042319,"DEATH VALLEY NATIONAL PARK, CA US",3/7/2021,0,0,0,,79,51,62
USC00042319,"DEATH VALLEY NATIONAL PARK, CA US",3/8/2021,0,0,0,,83,58,66
USC00042319,"DEATH VALLEY NATIONAL PARK, CA US",3/9/2021,0,0,0,,76,56,60
USC00042319,"DEATH VALLEY NATIONAL PARK, CA US",3/10/2021,0,0,0,,71,54,56
USC00042319,"DEATH VALLEY NATIONAL PARK, CA US",3/11/2021,0,0,0,,67,49,53
USC00042319,"DEATH VALLEY NATIONAL PARK, CA US",3/12/2021,0.01,0,0,,68,46,54
USC00042319,"DEATH VALLEY NATIONAL PARK, CA US",3/13/2021,0,0,0,,76,44,56
USC00042319,"DEATH VALLEY NATIONAL PARK, CA US",3/14/2021,0,0,0,,78,44,62
USC00042319,"DEATH VALLEY NATIONAL PARK, CA US",3/15/2021,0.01,0,0,,71,52,52
USC00042319,"DEATH VALLEY NATIONAL PARK, CA US",3/16/2021,0,0,0,,75,50,58
USC00042319,"DEATH VALLEY NATIONAL PARK, CA US",3/17/2021,0,0,0,,77,47,68
USC00042319,"DEATH VALLEY NATIONAL PARK, CA US",3/18/2021,0,0,0,,86,58,68
USC00042319,"DEATH VALLEY NATIONAL PARK, CA US",3/19/2021,0,0,0,,91,55,
USC00042319,"DEATH VALLEY NATIONAL PARK, CA US",3/20/2021,0,0,0,,87,65,65
USC00042319,"DEATH VALLEY NATIONAL PARK, CA US",3/21/2021,0,0,0,,78,59,67
USC00042319,"DEATH VALLEY NATIONAL PARK, CA US",3/22/2021,0,0,0,,80,56,70
USC00042319,"DEATH VALLEY NATIONAL PARK, CA US",3/23/2021,0,0,0,,70,62,63
USC00042319,"DEATH VALLEY NATIONAL PARK, CA US",3/24/2021,0,0,0,,80,56,64
USC00042319,"DEATH VALLEY NATIONAL PARK, CA US",3/25/2021,0,0,0,,82,55,67
USC00042319,"DEATH VALLEY NATIONAL PARK, CA US",3/26/2021,0,0,0,,80,60,69
USC00042319,"DEATH VALLEY NATIONAL PARK, CA US",3/27/2021,0,0,0,,90,64,70
USC00042319,"DEATH VALLEY NATIONAL PARK, CA US",3/28/2021,0,0,0,,91,56,75
USC00042319,"DEATH VALLEY NATIONAL PARK, CA US",3/29/2021,0,0,0,,95,56,78
USC00042319,"DEATH VALLEY NATIONAL PARK, CA US",3/30/2021,0,0,0,,84,65,72
USC00042319,"DEATH VALLEY NATIONAL PARK, CA US",3/31/2021,0,0,0,,90,65,71
USC00042319,"DEATH VALLEY NATIONAL PARK, CA US",4/1/2021,0,0,0,,93,55,75
USC00042319,"DEATH VALLEY NATIONAL PARK, CA US",4/2/2021,0,0,0,,98,60,80
USC00042319,"DEATH VALLEY NATIONAL PARK, CA US",4/3/2021,0,0,0,,100,59,78
USC00042319,"DEATH VALLEY NATIONAL PARK, CA US",4/4/2021,0,0,0,,100,65,84
USC00042319,"DEATH VALLEY NATIONAL PARK, CA US",4/5/2021,0,0,0,,100,64,76
USC00042319,"DEATH VALLEY NATIONAL PARK, CA US",4/6/2021,0,0,0,,95,73,80
USC00042319,"DEATH VALLEY NATIONAL PARK, CA US",4/7/2021,0,0,0,,97,63,78
USC00042319,"DEATH VALLEY NATIONAL PARK, CA US",4/8/2021,0,0,0,,97,67,82
USC00042319,"DEATH VALLEY NATIONAL PARK, CA US",4/9/2021,0,0,0,,96,72,83
USC00042319,"DEATH VALLEY NATIONAL PARK, CA US",4/10/2021,0,0,0,,100,66,80
USC00042319,"DEATH VALLEY NATIONAL PARK, CA US",4/11/2021,0,0,0,,101,66,84
USC00042319,"DEATH VALLEY NATIONAL PARK, CA US",4/12/2021,0,0,0,,98,76,81
USC00042319,"DEATH VALLEY NATIONAL PARK, CA US",4/13/2021,0,0,0,,99,74,78
USC00042319,"DEATH VALLEY NATIONAL PARK, CA US",4/14/2021,0,0,0,,86,69,72
USC00042319,"DEATH VALLEY NATIONAL PARK, CA US",4/15/2021,0,0,0,,87,63,69
USC00042319,"DEATH VALLEY NATIONAL PARK, CA US",4/16/2021,0,0,0,,92,63,81
USC00042319,"DEATH VALLEY NATIONAL PARK, CA US",4/17/2021,0,0,0,,91,71,73
USC00042319,"DEATH VALLEY NATIONAL PARK, CA US",4/18/2021,0,0,0,,94,65,77
USC00042319,"DEATH VALLEY NATIONAL PARK, CA US",4/19/2021,0,0,0,,98,60,80
USC00042319,"DEATH VALLEY NATIONAL PARK, CA US",4/20/2021,0,0,0,,100,63,84
USC00042319,"DEATH VALLEY NATIONAL PARK, CA US",4/21/2021,0,0,0,,93,72,77
USC00042319,"DEATH VALLEY NATIONAL PARK, CA US",4/22/2021,0,0,0,,97,65,77
USC00042319,"DEATH VALLEY NATIONAL PARK, CA US",4/23/2021,0,0,0,,96,70,82
USC00042319,"DEATH VALLEY NATIONAL PARK, CA US",4/24/2021,0,0,0,,97,73,81
USC00042319,"DEATH VALLEY NATIONAL PARK, CA US",4/25/2021,0,0,0,,86,71,71
USC00042319,"DEATH VALLEY NATIONAL PARK, CA US",4/26/2021,0.03,0,0,,83,57,58
USC00042319,"DEATH VALLEY NATIONAL PARK, CA US",4/27/2021,0.01,0,0,,84,55,74
USC00042319,"DEATH VALLEY NATIONAL PARK, CA US",4/28/2021,0,0,0,,99,65,84
USC00042319,"DEATH VALLEY NATIONAL PARK, CA US",4/29/2021,0,0,0,,103,74,89
USC00042319,"DEATH VALLEY NATIONAL PARK, CA US",4/30/2021,0,0,0,,108,70,91
USC00042319,"DEATH VALLEY NATIONAL PARK, CA US",5/1/2021,0,0,0,,107,86,88
USC00042319,"DEATH VALLEY NATIONAL PARK, CA US",5/2/2021,0,0,0,,100,76,84
USC00042319,"DEATH VALLEY NATIONAL PARK, CA US",5/3/2021,0,0,0,,99,74,88
USC00042319,"DEATH VALLEY NATIONAL PARK, CA US",5/4/2021,0,0,0,,,72,89
USC00042319,"DEATH VALLEY NATIONAL PARK, CA US",5/5/2021,0,0,0,,106,74,92
USC00042319,"DEATH VALLEY NATIONAL PARK, CA US",5/6/2021,0,0,0,,108,84,91
USC00042319,"DEATH VALLEY NATIONAL PARK, CA US",5/7/2021,0,0,0,,106,83,86
USC00042319,"DEATH VALLEY NATIONAL PARK, CA US",5/8/2021,0,0,0,,100,74,87
USC00042319,"DEATH VALLEY NATIONAL PARK, CA US",5/9/2021,0,0,0,,101,76,82
USC00042319,"DEATH VALLEY NATIONAL PARK, CA US",5/10/2021,0,0,0,,101,77,89
USC00042319,"DEATH VALLEY NATIONAL PARK, CA US",5/11/2021,0,0,0,,99,81,84
USC00042319,"DEATH VALLEY NATIONAL PARK, CA US",5/12/2021,0,0,0,,108,75,91
USC00042319,"DEATH VALLEY NATIONAL PARK, CA US",5/13/2021,0,0,0,,111,82,91
USC00042319,"DEATH VALLEY NATIONAL PARK, CA US",5/14/2021,0,0,0,,110,83,90
USC00042319,"DEATH VALLEY NATIONAL PARK, CA US",5/15/2021,0,0,0,,103,82,82
USC00042319,"DEATH VALLEY NATIONAL PARK, CA US",5/16/2021,0,0,0,,93,74,83
USC00042319,"DEATH VALLEY NATIONAL PARK, CA US",5/17/2021,0,0,0,,103,71,89
USC00042319,"DEATH VALLEY NATIONAL PARK, CA US",5/18/2021,0,0,0,,109,79,93
USC00042319,"DEATH VALLEY NATIONAL PARK, CA US",5/19/2021,0,0,0,,107,83,86
USC00042319,"DEATH VALLEY NATIONAL PARK, CA US",5/20/2021,0,0,0,,99,73,73
USC00042319,"DEATH VALLEY NATIONAL PARK, CA US",5/21/2021,0,0,0,,79,64,71
USC00042319,"DEATH VALLEY NATIONAL PARK, CA US",5/22/2021,0,0,0,,85,64,74
USC00042319,"DEATH VALLEY NATIONAL PARK, CA US",5/23/2021,0,0,0,,93,61,78
USC00042319,"DEATH VALLEY NATIONAL PARK, CA US",5/24/2021,0,0,0,,99,72,87
USC00042319,"DEATH VALLEY NATIONAL PARK, CA US",5/25/2021,0,0,0,,106,71,91
USC00042319,"DEATH VALLEY NATIONAL PARK, CA US",5/26/2021,0,0,0,,104,77,86
USC00042319,"DEATH VALLEY NATIONAL PARK, CA US",5/27/2021,0,0,0,,110,81,90
USC00042319,"DEATH VALLEY NATIONAL PARK, CA US",5/28/2021,0,0,0,,108,84,90
USC00042319,"DEATH VALLEY NATIONAL PARK, CA US",5/29/2021,0,0,0,,107,84,93
USC00042319,"DEATH VALLEY NATIONAL PARK, CA US",5/30/2021,0,0,0,,115,80,95
USC00042319,"DEATH VALLEY NATIONAL PARK, CA US",5/31/2021,0,0,0,,115,88,99
USC00042319,"DEATH VALLEY NATIONAL PARK, CA US",6/1/2021,0,0,0,,115,82,100
USC00042319,"DEATH VALLEY NATIONAL PARK, CA US",6/2/2021,0,0,0,,118,87,100
USC00042319,"DEATH VALLEY NATIONAL PARK, CA US",6/3/2021,0,0,0,,120,95,103
USC00042319,"DEATH VALLEY NATIONAL PARK, CA US",6/4/2021,0,0,0,,121,97,101
USC00042319,"DEATH VALLEY NATIONAL PARK, CA US",6/5/2021,0,0,0,,119,94,99
USC00042319,"DEATH VALLEY NATIONAL PARK, CA US",6/6/2021,0,0,0,,113,92,96
USC00042319,"DEATH VALLEY NATIONAL PARK, CA US",6/7/2021,0,0,0,,103,85,85
USC00042319,"DEATH VALLEY NATIONAL PARK, CA US",6/8/2021,0,0,0,,104,78,88
USC00042319,"DEATH VALLEY NATIONAL PARK, CA US",6/9/2021,0,0,0,,102,80,81
USC00042319,"DEATH VALLEY NATIONAL PARK, CA US",6/10/2021,0,0,0,,97,70,84
USC00042319,"DEATH VALLEY NATIONAL PARK, CA US",6/11/2021,0,0,0,,105,73,91
USC00042319,"DEATH VALLEY NATIONAL PARK, CA US",6/12/2021,0,0,0,,112,78,96
USC00042319,"DEATH VALLEY NATIONAL PARK, CA US",6/13/2021,0,0,0,,116,83,99
USC00042319,"DEATH VALLEY NATIONAL PARK, CA US",6/14/2021,0,0,0,,118,88,101
USC00042319,"DEATH VALLEY NATIONAL PARK, CA US",6/15/2021,0,0,0,,124,88,105
USC00042319,"DEATH VALLEY NATIONAL PARK, CA US",6/16/2021,0,0,0,,125,91,108
USC00042319,"DEATH VALLEY NATIONAL PARK, CA US",6/17/2021,0,0,0,,128,94,113
USC00042319,"DEATH VALLEY NATIONAL PARK, CA US",6/18/2021,0,0,0,,124,101,107
USC00042319,"DEATH VALLEY NATIONAL PARK, CA US",6/19/2021,0,0,0,,125,97,108
USC00042319,"DEATH VALLEY NATIONAL PARK, CA US",6/20/2021,0,0,0,,124,98,104
USC00042319,"DEATH VALLEY NATIONAL PARK, CA US",6/21/2021,0,0,0,,122,96,105
USC00042319,"DEATH VALLEY NATIONAL PARK, CA US",6/22/2021,0,0,0,,117,94,102
USC00042319,"DEATH VALLEY NATIONAL PARK, CA US",6/23/2021,0,0,0,,108,94,94
USC00042319,"DEATH VALLEY NATIONAL PARK, CA US",6/24/2021,0,0,0,,113,86,96
USC00042319,"DEATH VALLEY NATIONAL PARK, CA US",6/25/2021,0,0,0,,114,89,100
USC00042319,"DEATH VALLEY NATIONAL PARK, CA US",6/26/2021,0,0,0,,122,86,105
USC00042319,"DEATH VALLEY NATIONAL PARK, CA US",6/27/2021,0,0,0,,122,98,106
USC00042319,"DEATH VALLEY NATIONAL PARK, CA US",6/28/2021,0,0,0,,126,95,113
USC00042319,"DEATH VALLEY NATIONAL PARK, CA US",6/29/2021,0,0,0,,121,96,97
USC00042319,"DEATH VALLEY NATIONAL PARK, CA US",6/30/2021,0,0,0,,114,93,97
USC00042319,"DEATH VALLEY NATIONAL PARK, CA US",7/1/2021,0,0,0,,117,91,102
USC00042319,"DEATH VALLEY NATIONAL PARK, CA US",7/2/2021,0,0,0,,119,94,102
USC00042319,"DEATH VALLEY NATIONAL PARK, CA US",7/3/2021,0,0,0,,112,97,98
USC00042319,"DEATH VALLEY NATIONAL PARK, CA US",7/4/2021,0,0,0,,120,89,100
USC00042319,"DEATH VALLEY NATIONAL PARK, CA US",7/5/2021,0,0,0,,120,93,103
USC00042319,"DEATH VALLEY NATIONAL PARK, CA US",7/6/2021,0,0,0,,124,96,105
USC00042319,"DEATH VALLEY NATIONAL PARK, CA US",7/7/2021,0,0,0,,126,101,109
USC00042319,"DEATH VALLEY NATIONAL PARK, CA US",7/8/2021,0,0,0,,126,100,110
USC00042319,"DEATH VALLEY NATIONAL PARK, CA US",7/9/2021,0,0,0,,130,104,110
USC00042319,"DEATH VALLEY NATIONAL PARK, CA US",7/10/2021,0,0,0,,129,99,113
USC00042319,"DEATH VALLEY NATIONAL PARK, CA US",7/11/2021,0,0,0,,128,102,112
USC00042319,"DEATH VALLEY NATIONAL PARK, CA US",7/12/2021,0,0,0,,127,99,113
USC00042319,"DEATH VALLEY NATIONAL PARK, CA US",7/13/2021,0,0,0,,121,103,108
USC00042319,"DEATH VALLEY NATIONAL PARK, CA US",7/14/2021,0,0,0,,120,99,104
USC00042319,"DEATH VALLEY NATIONAL PARK, CA US",7/15/2021,0,0,0,,119,98,103
USC00042319,"DEATH VALLEY NATIONAL PARK, CA US",7/16/2021,0,0,0,,119,95,105
USC00042319,"DEATH VALLEY NATIONAL PARK, CA US",7/17/2021,0,0,0,,119,97,108
USC00042319,"DEATH VALLEY NATIONAL PARK, CA US",7/18/2021,0.3,0,0,,119,101,101
USC00042319,"DEATH VALLEY NATIONAL PARK, CA US",7/19/2021,0.02,0,0,,117,88,98
USC00042319,"DEATH VALLEY NATIONAL PARK, CA US",7/20/2021,0,0,0,,120,90,101
USC00042319,"DEATH VALLEY NATIONAL PARK, CA US",7/21/2021,0,0,0,,115,98,
USC00042319,"DEATH VALLEY NATIONAL PARK, CA US",7/22/2021,0,0,0,,119,94,105
USC00042319,"DEATH VALLEY NATIONAL PARK, CA US",7/23/2021,0,0,0,,118,100,103
USC00042319,"DEATH VALLEY NATIONAL PARK, CA US",7/24/2021,0,0,0,,114,94,105
USC00042319,"DEATH VALLEY NATIONAL PARK, CA US",7/25/2021,0,0,0,,118,92,96
USC00042319,"DEATH VALLEY NATIONAL PARK, CA US",7/26/2021,0.62,0,0,,101,78,83
USC00042319,"DEATH VALLEY NATIONAL PARK, CA US",7/27/2021,0,0,0,,112,80,101
USC00042319,"DEATH VALLEY NATIONAL PARK, CA US",7/28/2021,0,0,0,,119,89,102
USC00042319,"DEATH VALLEY NATIONAL PARK, CA US",7/29/2021,0,0,0,,117,93,102
USC00042319,"DEATH VALLEY NATIONAL PARK, CA US",7/30/2021,0.51,0,0,,109,80,89
USC00042319,"DEATH VALLEY NATIONAL PARK, CA US",7/31/2021,0,0,0,,103,85,89
USC00042319,"DEATH VALLEY NATIONAL PARK, CA US",8/1/2021,0,0,0,,115,86,104
USC00042319,"DEATH VALLEY NATIONAL PARK, CA US",8/2/2021,0,0,0,,120,91,106
USC00042319,"DEATH VALLEY NATIONAL PARK, CA US",8/3/2021,0,0,0,,122,87,109
USC00042319,"DEATH VALLEY NATIONAL PARK, CA US",8/4/2021,0,0,0,,126,90,104
USC00042319,"DEATH VALLEY NATIONAL PARK, CA US",8/5/2021,0,0,0,,122,98,107
USC00042319,"DEATH VALLEY NATIONAL PARK, CA US",8/6/2021,0,0,0,,118,91,94
USC00042319,"DEATH VALLEY NATIONAL PARK, CA US",8/7/2021,0,0,0,,115,84,100
USC00042319,"DEATH VALLEY NATIONAL PARK, CA US",8/8/2021,0,0,0,,119,90,99
USC00042319,"DEATH VALLEY NATIONAL PARK, CA US",8/9/2021,0,0,0,,118,92,102
USC00042319,"DEATH VALLEY NATIONAL PARK, CA US",8/10/2021,0,0,0,,120,93,99
USC00042319,"DEATH VALLEY NATIONAL PARK, CA US",8/11/2021,0,0,0,,117,96,104
USC00042319,"DEATH VALLEY NATIONAL PARK, CA US",8/12/2021,0,0,0,,116,97,104
USC00042319,"DEATH VALLEY NATIONAL PARK, CA US",8/13/2021,0,0,0,,117,97,108
USC00042319,"DEATH VALLEY NATIONAL PARK, CA US",8/14/2021,0,0,0,,118,98,107
USC00042319,"DEATH VALLEY NATIONAL PARK, CA US",8/15/2021,0,0,0,,122,99,107
USC00042319,"DEATH VALLEY NATIONAL PARK, CA US",8/16/2021,0,0,0,,120,101,106
USC00042319,"DEATH VALLEY NATIONAL PARK, CA US",8/17/2021,0,0,0,,117,98,99
USC00042319,"DEATH VALLEY NATIONAL PARK, CA US",8/18/2021,0,0,0,,108,94,94
USC00042319,"DEATH VALLEY NATIONAL PARK, CA US",8/19/2021,0,0,0,,104,82,89
USC00042319,"DEATH VALLEY NATIONAL PARK, CA US",8/20/2021,0,0,0,,108,82,97
USC00042319,"DEATH VALLEY NATIONAL PARK, CA US",8/21/2021,0,0,0,,109,90,95
USC00042319,"DEATH VALLEY NATIONAL PARK, CA US",8/22/2021,0,0,0,,109,90,96
USC00042319,"DEATH VALLEY NATIONAL PARK, CA US",8/23/2021,0,0,0,,111,91,92
USC00042319,"DEATH VALLEY NATIONAL PARK, CA US",8/24/2021,0,0,0,,112,90,103
USC00042319,"DEATH VALLEY NATIONAL PARK, CA US",8/25/2021,0,0,0,,116,86,101
USC00042319,"DEATH VALLEY NATIONAL PARK, CA US",8/26/2021,0,0,0,,113,85,95
USC00042319,"DEATH VALLEY NATIONAL PARK, CA US",8/27/2021,0,0,0,,116,77,95
USC00042319,"DEATH VALLEY NATIONAL PARK, CA US",8/28/2021,0,0,0,,118,83,102
USC00042319,"DEATH VALLEY NATIONAL PARK, CA US",8/29/2021,0,0,0,,119,86,102
USC00042319,"DEATH VALLEY NATIONAL PARK, CA US",8/30/2021,0,0,0,,120,90,102
USC00042319,"DEATH VALLEY NATIONAL PARK, CA US",8/31/2021,0,0,0,,111,96,100
USC00042319,"DEATH VALLEY NATIONAL PARK, CA US",9/1/2021,0,0,0,,109,91,94
USC00042319,"DEATH VALLEY NATIONAL PARK, CA US",9/2/2021,0,0,0,,110,85,93
USC00042319,"DEATH VALLEY NATIONAL PARK, CA US",9/3/2021,0,0,0,,108,83,90
USC00042319,"DEATH VALLEY NATIONAL PARK, CA US",9/4/2021,0,0,0,,112,75,94
USC00042319,"DEATH VALLEY NATIONAL PARK, CA US",9/5/2021,0,0,0,,116,77,98
USC00042319,"DEATH VALLEY NATIONAL PARK, CA US",9/6/2021,0,0,0,,119,80,102
USC00042319,"DEATH VALLEY NATIONAL PARK, CA US",9/7/2021,0,0,0,,122,86,103
USC00042319,"DEATH VALLEY NATIONAL PARK, CA US",9/8/2021,0,0,0,,120,86,106
USC00042319,"DEATH VALLEY NATIONAL PARK, CA US",9/9/2021,0,0,0,,118,98,101
USC00042319,"DEATH VALLEY NATIONAL PARK, CA US",9/10/2021,0,0,0,,115,91,100
USC00042319,"DEATH VALLEY NATIONAL PARK, CA US",9/11/2021,0,0,0,,113,93,95
USC00042319,"DEATH VALLEY NATIONAL PARK, CA US",9/12/2021,0,0,0,,114,90,96
USC00042319,"DEATH VALLEY NATIONAL PARK, CA US",9/13/2021,0,0,0,,114,84,96
USC00042319,"DEATH VALLEY NATIONAL PARK, CA US",9/14/2021,0,0,0,,112,83,93
USC00042319,"DEATH VALLEY NATIONAL PARK, CA US",9/15/2021,0,0,0,,111,74,90
USC00042319,"DEATH VALLEY NATIONAL PARK, CA US",9/16/2021,0,0,0,,105,84,86
USC00042319,"DEATH VALLEY NATIONAL PARK, CA US",9/17/2021,0,0,0,,106,72,94
USC00042319,"DEATH VALLEY NATIONAL PARK, CA US",9/18/2021,0,0,0,,105,87,90
USC00042319,"DEATH VALLEY NATIONAL PARK, CA US",9/19/2021,0,0,0,,100,81,87
USC00042319,"DEATH VALLEY NATIONAL PARK, CA US",9/20/2021,0,0,0,,102,81,81
USC00042319,"DEATH VALLEY NATIONAL PARK, CA US",9/21/2021,0,0,0,,107,77,88
USC00042319,"DEATH VALLEY NATIONAL PARK, CA US",9/22/2021,0,0,0,,104,70,88
USC00042319,"DEATH VALLEY NATIONAL PARK, CA US",9/23/2021,0,0,0,,108,73,87
USC00042319,"DEATH VALLEY NATIONAL PARK, CA US",9/24/2021,0,0,0,,110,79,91
USC00042319,"DEATH VALLEY NATIONAL PARK, CA US",9/25/2021,0,0,0,,107,80,94
USC00042319,"DEATH VALLEY NATIONAL PARK, CA US",9/26/2021,0,0,0,,107,85,94
USC00042319,"DEATH VALLEY NATIONAL PARK, CA US",9/27/2021,0,0,0,,101,85,90
USC00042319,"DEATH VALLEY NATIONAL PARK, CA US",9/28/2021,0,0,0,,98,81,83
USC00042319,"DEATH VALLEY NATIONAL PARK, CA US",9/29/2021,0,0,0,,94,75,82
USC00042319,"DEATH VALLEY NATIONAL PARK, CA US",9/30/2021,0,0,0,,97,72,78
USC00042319,"DEATH VALLEY NATIONAL PARK, CA US",10/1/2021,0,0,0,,100,63,78
USC00042319,"DEATH VALLEY NATIONAL PARK, CA US",10/2/2021,0,0,0,,101,64,80
USC00042319,"DEATH VALLEY NATIONAL PARK, CA US",10/3/2021,0,0,0,,103,67,87
USC00042319,"DEATH VALLEY NATIONAL PARK, CA US",10/4/2021,0,0,0,,100,69,78
USC00042319,"DEATH VALLEY NATIONAL PARK, CA US",10/5/2021,0,0,0,,96,67,82
USC00042319,"DEATH VALLEY NATIONAL PARK, CA US",10/6/2021,0,0,0,,97,74,83
USC00042319,"DEATH VALLEY NATIONAL PARK, CA US",10/7/2021,0,0,0,,97,72,83
USC00042319,"DEATH VALLEY NATIONAL PARK, CA US",10/8/2021,0,0,0,,90,75,75
USC00042319,"DEATH VALLEY NATIONAL PARK, CA US",10/9/2021,0,0,0,,90,68,79
USC00042319,"DEATH VALLEY NATIONAL PARK, CA US",10/10/2021,0,0,0,,93,70,73
USC00042319,"DEATH VALLEY NATIONAL PARK, CA US",10/11/2021,0,0,0,,87,61,63
USC00042319,"DEATH VALLEY NATIONAL PARK, CA US",10/12/2021,0,0,0,,80,61,67
USC00042319,"DEATH VALLEY NATIONAL PARK, CA US",10/13/2021,0,0,0,,81,56,65
USC00042319,"DEATH VALLEY NATIONAL PARK, CA US",10/14/2021,0,0,0,,88,53,77
USC00042319,"DEATH VALLEY NATIONAL PARK, CA US",10/15/2021,0,0,0,,89,65,69
USC00042319,"DEATH VALLEY NATIONAL PARK, CA US",10/16/2021,0,0,0,,94,60,72
USC00042319,"DEATH VALLEY NATIONAL PARK, CA US",10/17/2021,0,0,0,,92,55,80
USC00042319,"DEATH VALLEY NATIONAL PARK, CA US",10/18/2021,0,0,0,,83,65,66
USC00042319,"DEATH VALLEY NATIONAL PARK, CA US",10/19/2021,0,0,0,,83,53,68
USC00042319,"DEATH VALLEY NATIONAL PARK, CA US",10/20/2021,0,0,0,,83,55,66
USC00042319,"DEATH VALLEY NATIONAL PARK, CA US",10/21/2021,0,0,0,,87,58,71
USC00042319,"DEATH VALLEY NATIONAL PARK, CA US",10/22/2021,0,0,0,,88,58,78
USC00042319,"DEATH VALLEY NATIONAL PARK, CA US",10/23/2021,0,0,0,,88,72,76
USC00042319,"DEATH VALLEY NATIONAL PARK, CA US",10/24/2021,0,0,0,,84,70,82
USC00042319,"DEATH VALLEY NATIONAL PARK, CA US",10/25/2021,0.01,0,0,,82,61,63
USC00042319,"DEATH VALLEY NATIONAL PARK, CA US",10/26/2021,0,0,0,,81,51,66
USC00042319,"DEATH VALLEY NATIONAL PARK, CA US",10/27/2021,0,0,0,,86,55,68
USC00042319,"DEATH VALLEY NATIONAL PARK, CA US",10/28/2021,0,0,0,,94,58,75
USC00042319,"DEATH VALLEY NATIONAL PARK, CA US",10/29/2021,0,0,0,,94,62,71
USC00042319,"DEATH VALLEY NATIONAL PARK, CA US",10/30/2021,0,0,0,,90,59,74
USC00042319,"DEATH VALLEY NATIONAL PARK, CA US",10/31/2021,0,0,0,,90,62,78
USC00042319,"DEATH VALLEY NATIONAL PARK, CA US",11/1/2021,0,0,0,,86,63,68
USC00042319,"DEATH VALLEY NATIONAL PARK, CA US",11/2/2021,0,0,0,,86,57,72
USC00042319,"DEATH VALLEY NATIONAL PARK, CA US",11/3/2021,0,0,0,,90,57,74
USC00042319,"DEATH VALLEY NATIONAL PARK, CA US",11/4/2021,0,0,0,,87,59,68
USC00042319,"DEATH VALLEY NATIONAL PARK, CA US",11/5/2021,0,0,0,,90,56,69
USC00042319,"DEATH VALLEY NATIONAL PARK, CA US",11/6/2021,0,0,0,,87,57,70
USC00042319,"DEATH VALLEY NATIONAL PARK, CA US",11/7/2021,0,0,0,,87,58,73
USC00042319,"DEATH VALLEY NATIONAL PARK, CA US",11/8/2021,0,0,0,,86,63,66
USC00042319,"DEATH VALLEY NATIONAL PARK, CA US",11/9/2021,0,0,0,,86,61,64
USC00042319,"DEATH VALLEY NATIONAL PARK, CA US",11/10/2021,0,0,0,,83,58,79
USC00042319,"DEATH VALLEY NATIONAL PARK, CA US",11/11/2021,0,0,0,,92,68,73
USC00042319,"DEATH VALLEY NATIONAL PARK, CA US",11/12/2021,0,0,0,,94,62,71
USC00042319,"DEATH VALLEY NATIONAL PARK, CA US",11/13/2021,0,0,0,,91,57,66
USC00042319,"DEATH VALLEY NATIONAL PARK, CA US",11/14/2021,0,0,0,,88,56,65
USC00042319,"DEATH VALLEY NATIONAL PARK, CA US",11/15/2021,0,0,0,,84,55,66
USC00042319,"DEATH VALLEY NATIONAL PARK, CA US",11/16/2021,0,0,0,,87,57,62
USC00042319,"DEATH VALLEY NATIONAL PARK, CA US",11/17/2021,0,0,0,,84,56,63
USC00042319,"DEATH VALLEY NATIONAL PARK, CA US",11/18/2021,0,0,0,,80,51,62
USC00042319,"DEATH VALLEY NATIONAL PARK, CA US",11/19/2021,0,0,0,,79,52,60
USC00042319,"DEATH VALLEY NATIONAL PARK, CA US",11/20/2021,0,0,0,,83,50,67
USC00042319,"DEATH VALLEY NATIONAL PARK, CA US",11/21/2021,0,0,0,,83,58,66
USC00042319,"DEATH VALLEY NATIONAL PARK, CA US",11/22/2021,0,0,0,,79,51,59
USC00042319,"DEATH VALLEY NATIONAL PARK, CA US",11/23/2021,0,0,0,,76,48,68
USC00042319,"DEATH VALLEY NATIONAL PARK, CA US",11/24/2021,0,0,0,,75,61,63
USC00042319,"DEATH VALLEY NATIONAL PARK, CA US",11/25/2021,0,0,0,,75,49,50
USC00042319,"DEATH VALLEY NATIONAL PARK, CA US",11/26/2021,0,0,0,,72,41,55
USC00042319,"DEATH VALLEY NATIONAL PARK, CA US",11/27/2021,0,0,0,,74,41,54
USC00042319,"DEATH VALLEY NATIONAL PARK, CA US",11/28/2021,0,0,0,,76,42,61
USC00042319,"DEATH VALLEY NATIONAL PARK, CA US",11/29/2021,0,0,0,,76,44,55
USC00042319,"DEATH VALLEY NATIONAL PARK, CA US",11/30/2021,0,0,0,,81,44,55
USC00042319,"DEATH VALLEY NATIONAL PARK, CA US",12/1/2021,0,0,0,,81,48,62
USC00042319,"DEATH VALLEY NATIONAL PARK, CA US",12/2/2021,0,0,0,,78,45,56
USC00042319,"DEATH VALLEY NATIONAL PARK, CA US",12/3/2021,0,0,0,,77,47,54
USC00042319,"DEATH VALLEY NATIONAL PARK, CA US",12/4/2021,0,0,0,,76,43,55
USC00042319,"DEATH VALLEY NATIONAL PARK, CA US",12/5/2021,0,0,0,,75,43,54
USC00042319,"DEATH VALLEY NATIONAL PARK, CA US",12/6/2021,0,0,0,,69,46,58
USC00042319,"DEATH VALLEY NATIONAL PARK, CA US",12/7/2021,0,0,0,,68,53,60
USC00042319,"DEATH VALLEY NATIONAL PARK, CA US",12/8/2021,0,0,0,,76,49,57
USC00042319,"DEATH VALLEY NATIONAL PARK, CA US",12/9/2021,0.05,0,0,,72,48,51
USC00042319,"DEATH VALLEY NATIONAL PARK, CA US",12/10/2021,0,0,0,,65,44,48
USC00042319,"DEATH VALLEY NATIONAL PARK, CA US",12/11/2021,0,0,0,,63,41,43
USC00042319,"DEATH VALLEY NATIONAL PARK, CA US",12/12/2021,0,0,0,,61,34,46
USC00042319,"DEATH VALLEY NATIONAL PARK, CA US",12/13/2021,0,0,0,,63,35,60
USC00042319,"DEATH VALLEY NATIONAL PARK, CA US",12/14/2021,0.35,0,0,,66,42,43
USC00042319,"DEATH VALLEY NATIONAL PARK, CA US",12/15/2021,0,0,0,,59,40,44
USC00042319,"DEATH VALLEY NATIONAL PARK, CA US",12/16/2021,0,0,0,,58,36,43
USC00042319,"DEATH VALLEY NATIONAL PARK, CA US",12/17/2021,0,0,0,,64,39,51
USC00042319,"DEATH VALLEY NATIONAL PARK, CA US",12/18/2021,0,0,0,,62,38,42
USC00042319,"DEATH VALLEY NATIONAL PARK, CA US",12/19/2021,0,0,0,,62,34,42
USC00042319,"DEATH VALLEY NATIONAL PARK, CA US",12/20/2021,0,0,0,,59,33,47
USC00042319,"DEATH VALLEY NATIONAL PARK, CA US",12/21/2021,0,0,0,,62,38,45
USC00042319,"DEATH VALLEY NATIONAL PARK, CA US",12/22/2021,0,0,0,,56,35,47
USC00042319,"DEATH VALLEY NATIONAL PARK, CA US",12/23/2021,0,0,0,,56,45,52
USC00042319,"DEATH VALLEY NATIONAL PARK, CA US",12/24/2021,0,0,0,,74,48,
USC00042319,"DEATH VALLEY NATIONAL PARK, CA US",12/25/2021,0,0,0,,72,51,59
USC00042319,"DEATH VALLEY NATIONAL PARK, CA US",12/26/2021,0,0,0,,67,52,53
USC00042319,"DEATH VALLEY NATIONAL PARK, CA US",12/27/2021,0,0,0,,62,47,47
USC00042319,"DEATH VALLEY NATIONAL PARK, CA US",12/28/2021,0,0,0,,55,41,45
USC00042319,"DEATH VALLEY NATIONAL PARK, CA US",12/29/2021,0.04,0,0,,52,36,48
USC00042319,"DEATH VALLEY NATIONAL PARK, CA US",12/30/2021,0.01,0,0,,53,46,49
USC00042319,"DEATH VALLEY NATIONAL PARK, CA US",12/31/2021,0,0,0,,64,46,51
